character,weighted_degree_centrality,betweenness_centrality,eigenvector_centrality,pagerank
Spider-Man,12381,0.020836749541225084,0.23060449046154946,0.02485280051350678
Wolverine,12651,0.019218614615805287,0.34243068217669415,0.02173424538192251
Iron Man,11574,0.013238710606083724,0.3104875359822902,0.021563888561895377
Captain America,11800,0.02281847763055118,0.29257456997872494,0.021280946567327486
Cyclops,8640,0.01326350413706715,0.24152950621924255,0.01402910383500243
Thor,7609,0.014838625175453623,0.19525283805743585,0.013794910387360753
Beast,7495,0.011881954229755088,0.20218231104537762,0.012243831339051745
Colossus,7336,0.009519654423186957,0.20759343104659608,0.011835571241527561
Storm,6881,0.012304693913867295,0.20390203419422823,0.011145215813939692
Human Torch,6462,0.012799625014693975,0.15566639905196003,0.011043177544886571
Hulk,5621,0.018696857842493003,0.1441026910420383,0.010778358447977079
Iceman,5290,0.010385885644256864,0.1459439122589744,0.008523125508396977
Nightcrawler,5148,0.008558109601737406,0.15015548440096235,0.008378884207062981
Thing,4814,0.008722985543267128,0.12198769167637566,0.008334274377158571
Rogue,5150,0.008379524275493273,0.14793699747724945,0.008270466382788964
Captain Marvel,4512,0.009156789944858058,0.10092858913515207,0.008250977011705221
Invisible Woman,4688,0.007653746408582604,0.11672027113681294,0.007999907494952656
Hawkeye,4445,0.0078639121186443,0.12290769878871483,0.007920483250566187
Mr. Fantastic,4618,0.008989925593049479,0.11513557021547723,0.007917046839274725
Archangel,4703,0.00579952297911416,0.12080438876464501,0.007640265672213911
Scarlet Witch,4183,0.007761148756233966,0.11576781888546041,0.007243432646051728
Doctor Strange,3584,0.015460515398514391,0.0722091861452058,0.0070479370068085015
Daredevil,3384,0.00909260397799528,0.06309680228446198,0.0066794932348845405
Magneto,4047,0.015686917963270666,0.11219157165086212,0.006655118771098151
Vision,3623,0.005493563806779012,0.09740556535500125,0.006397359826708414
Gambit,3897,0.007759198372612521,0.10641720227312548,0.006385887831709402
Black Widow,3335,0.00922208187458443,0.07965766937368816,0.0061424994436567555
Psylocke,3566,0.006289477593070245,0.09239417021579902,0.005892024531089832
Black Panther,3077,0.015142160098668233,0.0790023964439952,0.005808738950833922
Nick Fury,3012,0.014247837786776634,0.07686713960547373,0.005789153112107572
Professor X,3418,0.011106312724345617,0.10311680336940555,0.005630003272718285
Banshee,3351,0.003605141649637998,0.0718036851028419,0.005535036450690827
Quicksilver,3183,0.007952528375372024,0.07827127751513892,0.005421180483414968
Wasp,3134,0.009800840879129987,0.08743200599886933,0.005419139638403365
Cannonball,2939,0.007920561296107338,0.06015840444490537,0.004987789429043767
Emma Frost,2820,0.008502006301781525,0.07981130626380392,0.004896926547462177
Havok,2921,0.0031041615671111153,0.07037007870538202,0.004884466141362263
Doctor Doom,2664,0.01733995012713283,0.06066778449055607,0.004844570882891308
Jean Grey,2809,0.008059571685103075,0.08700767995883281,0.004625719129931105
Mary Jane Watson,2069,0.005682410604024597,0.04348716478874894,0.004505478533585641
Luke Cage,2179,0.004032399293198855,0.04697549596993132,0.004400959045498666
Iron Fist,1746,0.00485214258624381,0.02975665954378845,0.00427740559791197
She-Hulk,2334,0.007138169720548928,0.057806498149591885,0.0042662617329368765
Bishop,2465,0.005298976345670834,0.06460686842861585,0.004145623609745871
Spider-Woman,2104,0.004449863685517705,0.06037371126991991,0.004066519389555312
Sub-Mariner,2241,0.007188355154305229,0.05819110279163268,0.003917124409208077
Sabretooth,2187,0.006200989664074294,0.05214280358794155,0.003909672594162601
Hank Pym,2104,0.004887684771563478,0.044121991273750244,0.0038544424206262036
Deadpool,1898,0.00897343252305453,0.03987010455624192,0.003822610008392577
Cable,2211,0.006830189050551092,0.04495345405559876,0.0038046537456483433
Silver Surfer,1803,0.00766586702896846,0.031085025883439664,0.003673345996928694
Loki,1847,0.00909031808646714,0.03692297522824268,0.0036577730109258015
Kitty Pryde,2118,0.0036649477213947963,0.0588335300576164,0.003604082068899502
Jubilee,2074,0.006546458178997703,0.05485912201902731,0.0035964706679465453
Hercules,1801,0.009650420153404195,0.03720185104920119,0.0034949483473388455
Domino,1880,0.008449915763347533,0.02661519848300087,0.0034633668188488818
Polaris,2078,0.0019830481998496263,0.04878627195360597,0.0034528380903230673
X-Force,1769,0.0020662625862568305,0.023892734208871273,0.0033842391059008973
Namor,1734,0.009004284861381233,0.037679368334485965,0.0032571017751443663
J. Jonah Jameson,1490,0.00807636942543104,0.029008172889223152,0.003173188667249113
Galactus,1576,0.0036970356377353003,0.031231141229894833,0.0031154671544609183
Punisher,1266,0.011043156520733559,0.02378700205892872,0.003105492683553237
Sunspot,1741,0.0032292413698944435,0.028249436240807356,0.003071780013872324
Black Knight,1627,0.00663131006374266,0.03567349815637207,0.003025824944719308
Dazzler,1666,0.006575352051742871,0.04259875870040214,0.002921944378822779
Warpath,1597,0.0031018183502247074,0.020545922134531436,0.0028929850970196777
Wonder Man,1561,0.006952082901699064,0.04218823568253207,0.0028488862930620097
Black Bolt,1512,0.004167560528329646,0.02854687257381284,0.002740941977034862
Juggernaut,1454,0.007271525462006574,0.032198519096983236,0.0026292924483315716
Mystique,1447,0.006606947166576805,0.03362120845407614,0.0025189712762740124
Medusa,1335,0.004411627837003367,0.02184035047404685,0.002454055146880391
Norman Osborn,1146,0.008581181456212528,0.02160693740184803,0.0024278767596422274
Kingpin,1112,0.007962138032878357,0.01872615200783363,0.0024150206228599914
Ghost Rider,1166,0.0048233931082014275,0.027685989619976915,0.0024101000910388103
Falcon,1258,0.0046152860982225,0.03380513197102048,0.00239819195456946
Captain Britain,1254,0.007054656920558083,0.024150115924129977,0.0023922409235820645
Forge,1318,0.0028915640225324534,0.03225662497721393,0.002285833887334176
Peter Parker,994,0.004185284235489371,0.017509113273869108,0.0022654303524654003
Edwin Jarvis,1184,0.0027400919884569964,0.02769934983593011,0.0022450350760721566
Guardians of the Galaxy,838,0.0059338372744415025,0.00802983259178142,0.002233986956187253
Lilandra,1278,0.0006301716800071753,0.03228776574135727,0.0022182482610919405
May Parker,978,0.0022195037095074817,0.01774278014649932,0.0022171081976487634
Firestar,1126,0.005224801336922948,0.023709518001712806,0.0022124572257872
Adam Warlock,1109,0.0037317638045476476,0.020763121317840135,0.0021538111443020246
Thanos,920,0.006052704480971834,0.014787087536209284,0.002091700864569536
X-23,1021,0.002254033935523605,0.017443726950364394,0.002074589879470957
Crystal,1122,0.0028723211038700577,0.02040220921508712,0.002054241519382225
Kang,1101,0.0017794858365098704,0.027657975148325027,0.0020479460803168315
Nova,958,0.003562346214627358,0.018766529674104814,0.002041662767809414
Angel,1119,0.004414656974046359,0.029506261149613994,0.001977666377195467
Apocalypse,1163,0.002566655553318808,0.029883057688349743,0.001962139948474723
Red Skull,942,0.004430227671139235,0.023421052125975544,0.0019112044166076183
Moon Knight,896,0.005262246516172813,0.016278152113855995,0.001900440704894382
Shatterstar,1032,0.0010686358895302792,0.01028142650824693,0.0018924397375525133
Franklin Richards,937,0.0040748451569211554,0.019716311341900092,0.0018788340833145816
Rictor,1035,0.0017714206780370192,0.0143884731886829,0.0018525240596806705
Odin,888,0.003178930035183515,0.01860390072530116,0.001846437351785683
Winter Soldier,913,0.005331637092108214,0.02463071152650996,0.0018381984080132528
Hydra,731,0.019000548219820355,0.014900996674561549,0.0018306211418199576
Rick Jones,855,0.00345091150755236,0.01658548974769485,0.00179967195617381
Wolfsbane,925,0.0010066767024473789,0.013113725054643173,0.0017964013339786908
Doctor Octopus,832,0.0027961092717240384,0.018617782781441754,0.0017946952773940734
Inhumans,955,0.0059341808989004825,0.014979049719418496,0.001793969277893753
Black Cat,794,0.008324534292741532,0.01780629849474335,0.001793270590374523
X-Factor,957,0.004067762904721466,0.014556159498844604,0.0017745656681284617
Misty Knight,688,0.0033655180235716243,0.009764258245964571,0.0017262633822383488
Blob,988,0.0029459762660474843,0.022415375354928484,0.001723174767631622
Jessica Jones,845,0.0028131327141223774,0.018246370433591952,0.0017229210268043741
Karnak,889,0.0020393981008024484,0.011907367490698624,0.0017089331488138685
Mister Sinister,934,0.0013159807972805023,0.019694193186992195,0.001707685391488277
Justice,806,0.002583207440180833,0.013982226812253749,0.0017040864804168882
Tigra,767,0.005475931669779279,0.011028027419506342,0.0016799889794533133
Ant-Man,766,0.005421519202717298,0.01594502754750565,0.001678801541852662
Gladiator,846,0.00318733641828444,0.016189905967919554,0.0016510504209327113
Charles Xavier,861,0.005178947872774188,0.01936479105235548,0.0016368791736455913
Northstar,861,0.0014425121636414814,0.017115374389413848,0.0016149089383931333
Maria Hill,806,0.0032459929434807988,0.02180381164144275,0.0015985713701785172
New Mutants,749,0.005069224997552084,0.009717229161800693,0.0015811374036871207
Sharon Carter,774,0.0016067792438781787,0.018441661910889282,0.0015722458559845093
Elektra,732,0.004217318059926922,0.012036440608988796,0.0015720070831465654
Gorgon,828,0.0017436973258230944,0.01277670276649376,0.0015685529334074622
Longshot,818,0.0019256770061536533,0.018251557259800884,0.0015363373955501855
Amadeus Cho,657,0.00477754352838077,0.00925584923487234,0.0015327165030919044
Sasquatch,772,0.0006520847147611429,0.013921713031009638,0.0015324327864077655
Harry Osborn,593,0.0014090189126939668,0.00948126274529584,0.001471457452277139
Clea,706,0.0022335956680435464,0.011860528543119442,0.0014629257104846435
Sif,652,0.0025453960959180367,0.013625008222345875,0.0014623546748864316
Marrow,815,0.002427680412939182,0.02398975027077716,0.0014327350475574763
Magik,753,0.002101128590694389,0.013479259529156412,0.0014265707383844886
Sandman,643,0.0031001724208630584,0.011569293950121825,0.0014217789760173835
Alpha Flight,686,0.003626030511585433,0.01103657275898829,0.0014165022761668828
Quasar,632,0.0019268052993983381,0.009847807459493563,0.0014156651567252092
Sunfire,749,0.0023659658975102135,0.018232410946607738,0.0014059492083399675
Spider-Girl,611,0.0034265450536670847,0.013790447326786285,0.001386225124318377
Puck,580,0.0007332878678084087,0.008437237594669748,0.001378870486527048
Sentry,705,0.001380590302337663,0.02128154691185733,0.0013600008779637179
Mephisto,632,0.003946100696343327,0.008645568317650083,0.0013552977953629293
Ms. Marvel,626,0.0011771490480407744,0.012656382577289599,0.0013529057046674292
Ultron,685,0.002117876350513101,0.015911617806746922,0.0013511625776439302
Aurora,662,0.004291062466379356,0.0090505554804608,0.0013443087186076539
Yellowjacket,643,0.0025757647324623737,0.014674781372352329,0.0013378687476083885
Skrulls,610,0.00474462615085947,0.012343364874800233,0.0013339077757822562
Boomer,714,0.0006696744145845962,0.012131174316104526,0.001328537284800199
Dagger,593,0.0010631433781032728,0.00788521968613208,0.0013130114192568658
Lady Deathstrike,671,0.004630444111458805,0.013822268516362273,0.001311155986193399
S.H.I.E.L.D.,595,0.006049504485810021,0.011617735161786873,0.001306624934404992
Rachel Grey,709,0.0011804378753067547,0.01788406963301375,0.0012895493220432604
Caliban,720,0.0010029428439670505,0.014326090820722148,0.0012764513771421717
Absorbing Man,585,0.0048782773461423885,0.010953799368154046,0.0012744045118060108
Lockjaw,628,0.0020437761569947204,0.0092467667514677,0.0012686371999558591
Magma,647,0.0017810206431996337,0.009943834974777006,0.0012668183469733776
Shang-Chi,462,0.0009029356480229797,0.0074246663512089325,0.0012486670623950424
Annihilus,589,0.003767147174924059,0.011803361529925315,0.0012356289756773617
Uatu The Watcher,576,0.005169599777573801,0.012589669412481984,0.0012108343353579231
Excalibur,548,0.002084145957233175,0.010498511653086825,0.0012103015822238878
Carlie Cooper,516,0.0002345132522151871,0.007907886141084274,0.0011997388556408241
Lockheed,624,0.004354182669442653,0.017417854600111665,0.0011901854004634468
Hellcat,565,0.0020317178960392265,0.013577402490313917,0.0011825831105593356
Thunderbolts,470,0.0011650774506523245,0.00565667277991369,0.001178228066448401
Meltdown,582,0.0012299109289732935,0.007194058846864124,0.001166023780149043
Cloak,527,0.0010032481314877005,0.008202253746936138,0.001165697390519082
Red Hulk,548,0.003839996347674437,0.013900266514394322,0.0011626366020603678
Bullseye,529,0.003604707796202646,0.007460192181015097,0.001161187310727163
Bruce Banner,492,0.002990537438842955,0.009459834213118454,0.0011586245210768993
Taskmaster,450,0.0033375971099404824,0.007030687735806517,0.001146265685628142
Daken,549,0.0017172936563856077,0.011332617500380601,0.001143638290772881
Venom,502,0.002742971304101023,0.008898632503129325,0.001127168765549169
Boom Boom,585,0.0013547730960988557,0.008499231247514666,0.001121866991065116
Man-Thing,447,0.0025963063688770886,0.007032983312503701,0.001115130432717424
Electro,470,0.002605213233121262,0.009153394049843338,0.0011065659699206576
Karma,548,0.0007162642077571818,0.008637532848624369,0.0010952047344868912
Lizard,470,0.0021937095428708813,0.009943211862806292,0.0010950019807071717
Blink,540,0.0007578224744453517,0.009480346560623968,0.0010898441312584923
Gwen Stacy,451,0.0027058013123035856,0.010711505763590893,0.0010886724428535847
Rocket Raccoon,429,0.002179642673149027,0.0035123255865341604,0.0010779294005407224
Dani Moonstar,500,0.000750007875560464,0.005775652724202762,0.0010754452230778582
Blade,355,0.0023221911572913227,0.005304136774551859,0.0010744587708233274
Legion,548,0.0012201978338597108,0.010997011220771524,0.0010647128061522918
Wiccan,406,0.00042358974125794976,0.003917934603998113,0.0010587926805
Penance,412,0.004136665708831864,0.0042483939160971144,0.001054087154997184
Wong,444,0.0033206330004893277,0.006452142375254687,0.0010383121890576385
Thunderbird,521,0.0018260396158969812,0.012216090189251926,0.0010306862875764135
Bucky,484,0.003723229256562737,0.01369584639104973,0.0010306312311471996
Iron Patriot,381,0.006627942198619353,0.008779746665027633,0.0010288060070176928
Deena Pilgrim,3,0.0,6.64413409720624e-41,0.0010224578658759025
Christian Walker,3,0.0,6.64413409720624e-41,0.0010224578658759025
Ultimates,530,0.0007565767444106606,0.022181512644267296,0.001014815710404938
Foggy Nelson,399,0.0013290327916472987,0.004987883118404609,0.0010111980082090164
Balder,399,0.0013412226626482008,0.007282205986436324,0.0010064589848038292
Patriot,459,0.00035342726394712166,0.009274264034103651,0.0010053511184143437
Machine Man,437,0.003793160022685574,0.007180995706624191,0.0010036771105940534
Sersi,328,0.002286049679837058,0.0052611027231582175,0.001000638908467724
Colleen Wing,328,0.001464931765996385,0.0024578798714508907,0.0009948406004230525
Doc Samson,446,0.002892719017098167,0.008978951159100612,0.0009859335485213748
Mockingbird,467,0.003223484998283555,0.011635307520237923,0.0009857997549524112
Scarlet Spider,400,0.002685283353374961,0.0071844868890626875,0.0009779785886908853
Moondragon,415,0.0015754610326842336,0.006548804985715049,0.0009763304445587778
Swordsman,452,0.0007806609407144063,0.010800621300468884,0.0009717642333998586
Star-Lord,383,0.0005969037031603521,0.003400757718244065,0.0009680494347806284
Mysterio,415,0.0042350832683582616,0.009069399689829888,0.0009660669811557679
Ares,462,0.004772815209702103,0.009565658018353384,0.0009608319864999349
Vulture,386,0.0038707908725547596,0.00784206507624168,0.0009600531956945697
Super-Skrull,149,0.009777698221792922,0.001492988911502999,0.0009525192849732007
Namorita,392,0.003894381095104118,0.0063441443403379595,0.0009492762880621724
Robbie Robertson,417,0.0012610857511861982,0.008336387772034826,0.0009469988489188345
Ch'od,500,0.0006234264887736395,0.01234228583309964,0.0009457316778973219
Jocasta,411,0.0007928057211205081,0.006625149321349987,0.0009409087415210539
Ka-Zar,446,0.003841206234015842,0.009584372411534746,0.0009408879914449235
Brood,409,0.0017307466174558326,0.009902205025092767,0.0009402285146952365
Firebird,457,0.0007840361807983411,0.009121426207479922,0.0009385023185593843
Ronan,361,0.0011479929595622864,0.00429646603376866,0.0009380051851637262
Triton,472,0.0007810681736134793,0.006083208989620544,0.0009307639843408239
Pyro,496,0.00163488556239909,0.011383139519817263,0.0009270851064729354
Alicia Masters,463,0.0015067146077204225,0.009218838511821953,0.0009240605822577092
Anita Blake,2,0.0,3.608607588479425e-42,0.0009208103130755065
Marvex,1,0.0,1.8541859688923419e-44,0.0009208103130755065
Nicolaos,2,0.0,3.608607588479425e-42,0.0009208103130755065
Phantom Reporter,1,0.0,1.8541859688923419e-44,0.0009208103130755065
Klaw,436,0.0023652652573896145,0.009282451743482297,0.000915868867528032
Avalanche,465,0.0028863108175823764,0.00854956903381859,0.0009109868897176868
Night Thrasher,302,0.003566346944335963,0.003222262192396721,0.0009108984813217704
Runaways,197,0.0008247134311821128,0.0007448474353501757,0.0009070230740771992
New Warriors,261,0.0022679632410329957,0.0027609685566919785,0.0008986000622251682
Sin,407,0.0006948674576188988,0.009254062951056661,0.0008894986945148135
Strong Guy,432,0.00034272013220313925,0.0034809441195798965,0.0008857339845895379
Skaar,370,0.0007512419171483423,0.005906127010909039,0.0008841897084383818
Old Man Logan,400,0.0009179733619831453,0.007042572198736573,0.000879336783623836
Firelord,376,0.002300526055557636,0.007478619568811212,0.00087546662432504
Mandarin,342,0.002502594279704008,0.009174904225018954,0.0008753983574910806
Pepper Potts,285,0.001009634280995845,0.00872028791556821,0.0008669176927062865
Drax,318,0.0017313690301402906,0.0025766202249481005,0.0008603986165800947
Young Avengers,317,0.00026799007032744164,0.003857469661733508,0.0008502417578277722
Mole Man,413,0.0033885698196570594,0.01169048550810985,0.0008497847879943998
Triathlon,410,0.0009735327809207244,0.009147447814863256,0.0008483081914751714
Snowbird,359,0.0010745653574551976,0.005343627036709508,0.0008466821098787497
Baron Zemo,382,0.0018936659648495042,0.00912337714694221,0.0008444338503541535
Betty Ross,310,0.00450349176523037,0.004253406748914626,0.0008437365906176236
Toad,386,0.005577078998214604,0.008004219882958147,0.0008427979755214957
War Machine,318,0.0031329360320367194,0.007127720823523022,0.0008426950283246354
Nightmare,366,0.004333253758055877,0.004675419082692363,0.0008423378725190692
U.S. Agent,369,0.001999186488033751,0.0068198662091604285,0.0008421791604686542
Nighthawk,275,0.001531835039353289,0.004645917584480448,0.0008382439543533877
Silver Sable,324,0.0019287080414068724,0.005297648102835647,0.0008359291960287652
Multiple Man,389,0.000779277899524837,0.003845999232456453,0.0008351547200108751
Rhino,329,0.005197317168974458,0.00549839594675801,0.000834515589655218
Grim Reaper,414,0.0007347279594825623,0.010490852011396833,0.0008301010528974858
Hepzibah,422,0.000987868250619207,0.010318092217527844,0.0008263831604660402
Kraven the Hunter,310,0.0037943349149942096,0.006442482546409322,0.0008261638552557974
Defenders,350,0.0016493675094249151,0.006455624250734006,0.0008240775512154328
Eddie Brock,278,0.0003022954918432425,0.006205845630907032,0.000820978886083623
Hope Summers,437,0.0005983381455609863,0.01068881683706808,0.0008200039146572044
Madrox,377,0.0019980286429264558,0.003592028146657848,0.0008189673742262648
Silver Samurai,400,0.001493788694227038,0.011131830610528904,0.0008145876985845152
Viper,359,0.002576148567867398,0.009646648330895954,0.000813831369076421
Destiny,422,0.001791165080741372,0.009687420489511035,0.0008089828153739428
Squirrel Girl,308,0.0019610101879521465,0.005287260250690354,0.0008058892446186001
Dormammu,359,0.002147764531887059,0.005981891903149609,0.0007992511992906257
Mastermind,415,0.0009120671141196874,0.01162907691730015,0.0007984178556030184
Prodigy,300,0.0019886137486350686,0.0019438422113149101,0.000796819957742385
Doop,176,9.296700605336758e-05,0.0016329855757148892,0.000793166924743902
Hulkling,287,0.0006818045953887191,0.003527248738557876,0.0007916650400532603
Steve Rogers,357,0.001461896074958353,0.009948978947764798,0.0007901414625027922
Sauron,383,0.0016102748416987592,0.00834381899307479,0.0007894239954311983
Tombstone,279,0.001487904930374686,0.0044244313505887095,0.0007888595203168407
Giant Man,366,0.0015835551009784423,0.009653312441033108,0.0007866309165791848
Photon,369,0.0007030377290280868,0.0077396364153046685,0.0007835074030766206
Guardian,365,0.0010703845411378652,0.006981876939184439,0.0007831841293544996
Hyperion,253,0.001460257681143435,0.004551181381253093,0.000778310774007735
Shaman,372,0.0003908657144502858,0.007544919986890247,0.0007743886183570612
Stryfe,388,0.0007284668328073712,0.00643957483834407,0.0007734484869329363
Holocaust,410,0.0006765508293278519,0.009705127671111556,0.0007729505750914608
Gamora,272,0.0032589583864668496,0.0021839062239823633,0.0007729105721714778
Chamber,373,0.0005876876553005511,0.007591872640296077,0.0007721757902314719
Fantomex,383,0.0003831414752320261,0.009106209966798704,0.0007675304921583038
Quentin Quire,362,0.00045033708247136414,0.008785600674594935,0.0007656573949762672
Gauntlet,245,0.0029343072928843658,0.002974955810239003,0.0007645820717825085
Carnage,301,0.0007738442946280994,0.006666861203268438,0.0007623377548697373
Sage,348,0.0008123042898710163,0.007929627942199351,0.0007622355563600109
Hela,311,0.001953850927860929,0.004654823188672729,0.0007602684185349527
Silk,238,3.058744081959564e-05,0.005018077606608643,0.0007571717414381879
Spiral,381,0.0005209598948852525,0.008138598145981056,0.0007567571893903945
Hobgoblin,304,0.0017722299405135036,0.005211474456405366,0.0007535474704730541
Abomination,330,0.0013680343305737482,0.006892880314012541,0.0007483957695515523
Blastaar,338,0.002182153792830382,0.006734755062904576,0.0007480324593532425
Wild Child,323,0.00029603031942075826,0.004416911169562673,0.0007472191555994421
Raza,372,0.00042799457619944174,0.009382263288372836,0.0007387126916782231
Stature,277,0.00037302859160651266,0.003014398445005764,0.0007363563790058754
Eternals,180,0.0011888571338016733,0.0017869796932044124,0.0007361966226576145
Dark Avengers,311,0.0006477247650633735,0.004838936089358099,0.0007360363248151288
Joseph,396,0.0005794585650839533,0.01185692234712763,0.0007337924382028099
Husk,365,0.0008041318085282588,0.007927115622754154,0.0007330392719401278
Nico Minoru,194,0.0015878811103011718,0.0013223077278557815,0.0007330177345889397
Power Pack,268,0.0007656361806485668,0.006852992623356124,0.0007300900555579895
Corsair,357,0.0009379342540096597,0.008584408569691525,0.0007239016721824827
Diamondback,270,0.00080690448534873,0.004791817803319504,0.000720902309464075
M,315,0.0006482083177261945,0.003219335839754259,0.000718295067743914
Retro Girl,2,8.502389171357152e-07,4.863843731455744e-41,0.0007175152074747137
Mantis,311,0.00033975516929525584,0.006491518213609611,0.0007170223917424181
Mojo,305,0.001853304219606598,0.006748912765478258,0.0007136018167912096
Lightspeed,205,0.0005020994642346041,0.001851403734494067,0.0007135424312389426
Mimic,345,0.0005876035182845835,0.0062307392591319675,0.0007134605842808169
Sentinels,344,0.002773162253647757,0.009352419755641933,0.0007119552708908515
Marvel Boy,208,0.0034234632238543286,0.0023954361175615693,0.0007111406661092001
Stepford Cuckoos,327,0.0012448321437568523,0.006767051311701841,0.0007108497317413789
Baron Strucker,293,0.0020018160787921417,0.005281799061245818,0.0007084191437045225
Speedball,235,0.0007758590289907665,0.005300460919465575,0.000705102277009657
Morbius,245,0.0018758067952467027,0.0037207975139742565,0.000704826394059043
Dragon Man,313,0.0023044654447801757,0.006064721462994802,0.0007032647808025272
Songbird,254,0.000447551849121268,0.0024759103076150645,0.0007026797187212805
Dum Dum Dugan,250,0.0023630967180999023,0.004087716661713098,0.0007017719232091086
Constrictor,275,0.0008941924827247385,0.003780312858907315,0.0006965534122731443
Jane Foster,281,0.003850752287180809,0.006176409794827592,0.0006959864009334045
Attuma,310,0.0005247721163055492,0.006521027351708194,0.0006943006721142275
Deathlok,273,0.003521577125852668,0.005648420255186119,0.0006918379509005671
Moon Girl,253,0.0010748053758220823,0.002411846615380635,0.0006906823067888217
Valeria Richards,332,0.00011912168646368348,0.006685641950386331,0.0006822590289793817
Ben Urich,253,0.0017138804130658644,0.003541714086805089,0.0006785643577473715
White Tiger,234,0.0007839567164019095,0.0027113506737736132,0.0006764700634831473
Darkhawk,217,0.0005409184636926861,0.0032988839947893193,0.000669730775995966
Sue Storm,280,0.0012799814739057613,0.004504713061735285,0.000669727731305407
Empath,241,0.0010886664045893775,0.003165636385878651,0.0006687109554462213
Deathbird,320,0.0006509300829964256,0.007550218040708491,0.0006671655673159881
X-Man,300,0.0011450596297064113,0.005034330593776434,0.0006661578275746839
Shanna the She-Devil,301,0.001160233283109756,0.006954904243263106,0.0006638473709621029
Callisto,326,0.0004777125587138698,0.00853991354693326,0.0006621325545147871
Omega Red,306,0.0014436631945753513,0.008583196169469532,0.0006604979252013127
Crimson Dynamo,283,0.002244207245063789,0.006335769063350314,0.0006599843766244021
Pixie,301,0.0012719644486095564,0.007785065405306315,0.0006579442600135191
Rage,205,0.0018696728159946312,0.0021609849137249515,0.0006555949813743217
Onslaught,314,0.0013806596773541756,0.008166706789192702,0.0006535471193291417
Chameleon,226,0.001479971172782081,0.0035722002517855054,0.0006513038383932786
Boomerang,231,0.0027853502287387873,0.0033164461851010346,0.0006492163881507344
Green Goblin,261,0.0009770308261046543,0.006616061792536231,0.0006491141611282962
Surge,236,0.0008024435750188354,0.002633894326863447,0.0006486554719356638
Molly Hayes,155,0.00017577362612695698,0.001123651936703095,0.000647889786287245
Vertigo,285,0.0009130924868418513,0.007082528357874754,0.000645279981754463
Elixir,249,5.6067175324344185e-05,0.002977495609988667,0.0006451757207174055
Madelyne Pryor,275,0.003089923732867045,0.005494825103526824,0.0006428057848661655
Crossbones,266,0.0006827023608311352,0.004819942683635469,0.0006406069972245804
Reptil,246,0.0013116676139315582,0.002360081658038314,0.0006371872827950892
Yondu,184,0.0003233670019465445,0.00037246343462296296,0.0006353569564402832
Invaders,265,0.00016908802246955052,0.007799360701675411,0.0006324714973080021
Dracula,201,0.002131255937011003,0.0039836030344234845,0.0006323512584898228
Immortus,280,0.00031441793838746164,0.00691985161972709,0.0006295318628084839
Rockslide,231,0.00039134059151017315,0.0025681715051484423,0.0006269765250350317
Madame Masque,267,0.0012111886160847117,0.005508167346807658,0.0006267316535193834
Ulik,240,0.0005444583582017948,0.0029122463355405652,0.0006247805463821973
Radioactive Man,219,0.0006461157280934555,0.0036249801722358383,0.0006238496529486674
Count Nefaria,272,0.0013371368356553557,0.007226456832332552,0.0006220106564794847
Ben Grimm,257,0.001747793631687706,0.004861503584494541,0.0006210684534621252
Gateway,280,0.0009041500362009725,0.007091114911080203,0.0006192499405993482
Living Lightning,268,0.00022642257460142736,0.005096762176391923,0.0006167264898540664
Gravity,223,0.0003643043495497888,0.002783872188615357,0.000614335376576103
A.I.M.,252,0.0007351826480503896,0.00697651877475755,0.0006098744331189904
Satana,218,0.0006453816915207058,0.0013126873215600406,0.0006089167813032359
Diablo,264,0.0036568542243407922,0.006070316730817152,0.0006068003892338061
Toxin,243,0.0010152987922393392,0.004988352558359723,0.000606564977349007
Celestials,168,0.0016753102332929723,0.0018517611180762076,0.0006054135274746507
Typhoid Mary,215,0.0010769120918666334,0.0025157915104544906,0.0006054133550670408
Menace,185,0.0003386921075219797,0.002696695951203081,0.0006048312414928872
Forearm,283,0.0004759736971394563,0.004449855095474019,0.0006030632196337183
Hellion,213,0.0006854140218427436,0.0027994115978375055,0.0006023755586535724
High Evolutionary,235,0.0033383685039806697,0.003421601676971955,0.0006012736677874148
New X-Men,219,0.00010703687916611667,0.0028151815887595983,0.0005980936986681144
Nocturne,269,0.00010409528502106022,0.0038291100009383234,0.0005971834896862729
Stacy X,279,0.0004683545071116944,0.006828160619126844,0.0005937205855837558
Bastion,275,0.0012929205596736817,0.006362862324132489,0.0005936925234354552
Devil Dinosaur,210,0.0009124441826091948,0.0015474500246188227,0.0005924546266284742
Komodo,177,5.6367983323692204e-05,0.0009062335218030563,0.0005896255374493405
Thena,115,9.877230636187175e-05,0.00023069551234061224,0.0005892160643914025
Echo,242,0.0007309638702874832,0.005659235037309834,0.0005863822002057138
Dust,211,0.0007708767415409235,0.0023442369454567437,0.0005861198983195297
Ms. America,230,0.0006846181410413109,0.002728277702484939,0.0005852529277514203
Oracle,223,0.0008645303094262806,0.0038031694013050486,0.0005844866210992315
Heroes For Hire,176,0.0011037540672084011,0.001168081634967947,0.0005825308991756207
Arcade,278,0.0014770115103088742,0.007104731717797534,0.0005820392517211089
Bride of Nine Spiders,82,0.00040833965376155067,0.00016624306495253868,0.0005798641874022808
Howard The Duck,177,0.002356508844963899,0.0021952557540795186,0.0005778345702481243
Chase Stein,123,0.0006659952909048586,0.00032159490890820345,0.0005776830039447242
Nomad,217,0.0004104447626945616,0.004319671353987272,0.0005758997033195928
Maggott,261,0.0011263596794603764,0.0066486333911052594,0.000574996469931813
Beta-Ray Bill,201,0.002701926132025731,0.002946496221621314,0.0005749405482739708
Exodus,257,0.0004962626658187516,0.006015988122395012,0.0005711216269228216
Charlie-27,153,4.144117966390358e-06,0.00015427059150212305,0.0005684589508074938
Stingray,218,0.0004172884071557824,0.0037464437612927197,0.0005660761899317381
Vance Astro,151,2.041347838950658e-06,0.00015351545802586158,0.0005628278729156755
Nemesis,245,0.00015676418460256042,0.0050967659265714615,0.0005625062443666473
Dog Brother #1,78,0.00040833965376155067,0.00015834545484360533,0.0005624657730653661
Puppet Master,228,0.002052783198967359,0.005017286031675333,0.0005613775892274258
Hellfire Club,240,0.0027317201741055793,0.0059131905966394544,0.0005608022485766749
Sebastian Shaw,216,0.00266438581218542,0.0034768793501063827,0.0005574813643663646
Cloud 9,170,6.214961876986678e-05,0.0018098707888348357,0.0005558226522976582
Valkyrie,216,0.001359876053690243,0.004948007123434188,0.0005535587417677302
Shadowcat,275,0.0003990896676984971,0.008508376905131444,0.0005516651993752066
Hammerhead,189,0.002503750710157713,0.004000422573443057,0.0005506664972619157
Leader,205,0.0017935413796731417,0.003609906960918364,0.0005503011320263592
Lyja,230,0.0004085312819004266,0.004343636486162301,0.00054755373680387
Titania,209,0.0033162049865875023,0.0022958495458426085,0.0005475290183199792
Brotherhood of Evil Mutants,256,0.0007363727228147065,0.006818961326038802,0.0005428516598617956
Warlock,230,0.0003057534334326137,0.0020910824200284827,0.0005407447995548341
Toro,236,0.0001422240081497665,0.0068592833039317885,0.0005389787228405587
Gargoyle,216,0.0007727095130177647,0.003713069507305247,0.0005388104338361983
Spectrum,206,0.0004481630226011848,0.002940050615611835,0.0005377136623895033
Jackal,207,0.000397983508918979,0.00379305560302037,0.0005348959335794551
Hardball,131,0.0003950293646661832,0.0006980926012537247,0.000534747085193469
Masque,238,0.0017953354804239317,0.006026222555978185,0.0005330984960479558
Mr. Hyde,188,0.0008379853696629587,0.002657312394607332,0.0005307055529273094
Darkstar,230,0.0008073468910160977,0.0047180410460420635,0.0005286713328369918
The Hand,194,0.0008131862074543781,0.003045493738094442,0.0005277155758188165
Shocker,161,0.0031953298739763538,0.0027431733131434524,0.0005274173655725658
Scalphunter,196,0.00014222707408611187,0.0025258530770355244,0.0005264318881419813
Karolina Dean,106,0.0029388459954882915,0.0004416424446190245,0.0005253886331234471
Groot,175,0.00036634184957438063,0.0009905787505014767,0.0005244258787929147
Ironheart,209,0.000749995908165808,0.005537886399830741,0.0005234617235658908
Spider-Gwen,192,0.00014441516348127242,0.006293714582905765,0.0005220313316551306
Miss America,219,0.0001091861277068631,0.004294230745891022,0.0005215411445700284
Moira MacTaggert,235,0.0007293931746305335,0.005439127022555471,0.0005214862254626568
Sentinel,249,0.0004249339265357887,0.009190834986200212,0.000520768642421237
Goliath,230,0.000766413021159702,0.009242326338760851,0.0005200183207917976
Betty Brant,187,0.0009976863302138775,0.0033273129230739296,0.0005185103740036019
Makkari,100,1.720147766391226e-05,0.0002023671163879939,0.0005168839222871615
Vivisector,93,2.1393659117419145e-05,0.0005725919913271204,0.0005122650942107099
Moonstone,181,0.002087351624409095,0.002968705407161112,0.0005114523918206418
Mesmero,208,0.0008365873025757285,0.003999328717433629,0.0005092339771308373
Vindicator,216,0.0008798005810669451,0.004197675377181148,0.0005078681712686198
Namora,152,0.0010985261097808305,0.002177230541622552,0.0005057493349074434
Scorpion,177,0.0007171362186281772,0.003328968062965156,0.0005053436972645663
Slapstick,139,0.00022853620770757387,0.0007810124470545406,0.0005042057486599008
Fat Cobra,95,0.00010626002992108917,0.0004599291031365439,0.0005039278983927466
The Order,82,2.40474711587448e-05,0.0011194520731846159,0.0005015669114229654
Trauma,153,0.0001592716421775444,0.0007805862450024437,0.0004983953153181455
The Hood,146,0.0016168628779712742,0.001366188983499284,0.0004983856611275438
Ikaris,98,3.451174458215568e-05,8.644308349461584e-05,0.0004980815760881241
Union Jack,192,0.0006791155603634339,0.00438484910422387,0.000497909941046878
Mad Thinker,202,0.0007785137559773156,0.0038274475690488583,0.0004974655862397497
Gertrude Yorkes,98,1.6784978812591857e-06,0.0001541585934427202,0.000495913782822823
Redwing,166,0.00038409120145454465,0.0031381298692009225,0.0004941757540001655
Cecilia Reyes,220,0.0008413827986146161,0.004524985642237005,0.0004931628921348379
Selene,202,0.0018133531189013174,0.003715270320030756,0.0004930176779052713
Warbird,218,0.0004197880723419959,0.0056236930032773046,0.0004910969356470967
Tony Stark,188,0.001297636442529573,0.004890569040861224,0.0004899007653937551
Blue Marvel,183,0.0004421582571443016,0.0029764991017802974,0.0004897191625815398
Marauders,187,0.001165353395778565,0.002823162544603156,0.0004885743385714564
M.O.D.O.K.,178,0.0010345358490771396,0.0036441132011350223,0.0004871994309434843
The Initiative,127,0.0002850228455980004,0.0008880123702040787,0.00048709083180405513
Exiles,188,0.00023980450639763388,0.002373879836437287,0.00048675691278399333
Wildside,200,0.00025451629074464487,0.0020559149217623026,0.00048628618573854303
Ancient One,182,0.00033741072215864816,0.00314739570566626,0.00048604298896875455
Jeryn Hogarth,117,8.445784776468526e-05,0.0008798377686044537,0.0004849802644969965
Steel Serpent,100,3.333954730824558e-05,0.0003922356842426559,0.00048436975398261995
Daimon Hellstrom,177,0.0007911531963390331,0.0023451749803101106,0.00048435519951260577
Carol Danvers,198,0.0004880966038654175,0.00548174243879478,0.0004836072333853268
Red She-Hulk,184,0.0004134762722399616,0.003190340008106094,0.0004832329554442733
Whirlwind,179,0.0005773141385332605,0.0034133465398553677,0.0004828075395029116
Doctor Voodoo,197,0.0008082460362307057,0.004465283160430414,0.00048277942439452123
Alex Power,109,0.00011630548867703454,0.0012944358322140729,0.00048252932309629596
Gideon,193,0.0016598438927083207,0.001825741132958017,0.00048183661786202974
Starhawk,126,2.7958927351845213e-06,0.00016948434943412862,0.0004817331733544761
Agent Zero,191,0.0007474180149175109,0.005027232277689781,0.0004810729283785503
Karen Page,162,0.000401657297705388,0.0019095576846242677,0.00048094282190988216
Shadow King,218,0.0004921707359435733,0.0047532129355044,0.0004795803051066004
Aaron Stack,171,7.99193118617549e-05,0.0019498955856960057,0.00047775868639078595
Mulholland Black,73,1.6078673408843174e-06,0.001009848535926011,0.00047767787373968946
Veda,73,1.6078673408843174e-06,0.001009848535926011,0.00047767787373968946
Calamity,73,1.6078673408843174e-06,0.001009848535926011,0.00047767787373968946
Anthem,73,1.6078673408843174e-06,0.001009848535926011,0.00047767787373968946
Supernaut,73,1.6078673408843174e-06,0.001009848535926011,0.00047767787373968946
Weapon X,193,0.0013310065510086435,0.004039932544244241,0.0004766778707008945
Werewolf By Night,124,0.001057803920171691,0.0018054584755101979,0.0004714365789430225
Terrax,177,0.002593357155313828,0.0038316482853344297,0.00047060174996777556
Starfox,164,0.0022651311031200425,0.0030327305977514143,0.0004689514308461884
Cypher,181,0.00011968335606192896,0.0018348637787592478,0.00046865150001630147
Morph,198,0.00021479542869002187,0.0030596613083172302,0.0004667862897592628
Speed,128,0.000921636877229715,0.0007388129945449824,0.0004651190911899303
Reaper,190,0.00011177157142719912,0.002863227018606297,0.000463981735700614
Zaran,159,0.0003140167259740205,0.001577408095753235,0.000463379776682454
Prince of Orphans,84,2.9799498291478158e-05,0.0002313139637382146,0.0004630096289634094
Grey Gargoyle,166,0.001531694843384079,0.003960506655091602,0.0004627955608969813
Quake,159,8.592542767864777e-05,0.0010605879309286315,0.00046017016693179476
Wendell Rand,58,7.439590524937508e-07,0.00014816301172458895,0.0004600071943667283
Living Laser,157,0.0007157789610270965,0.003894908292970213,0.0004568917748842415
Dark Phoenix,204,0.0004505389465172141,0.005193489220993885,0.00045651715580900565
U-Go Girl,85,0.0,0.0007199296579631955,0.0004563158391901311
Nebula,163,0.0007060542382936783,0.002969074208451267,0.00045491634039401845
Armor,170,0.0003275772108051022,0.004744661766289869,0.0004544025783002004
Man-Wolf,153,0.0008676100338478533,0.002409656592247451,0.0004531319381418893
Titanium Man,162,0.0004888389973394089,0.00434297470860931,0.0004497459516412939
Tiger's Beautiful Daughter,76,1.7024326198061162e-07,0.00016629889423269614,0.00044524985686710184
Wind Dancer,138,1.268248209530588e-05,0.001411978242458209,0.00044379724392262267
The Collector,159,0.0016678122200039695,0.003660516201951938,0.0004436669772012143
Agents of Atlas,92,0.0003132088098104904,0.0008216047566410726,0.00044342144809291764
Frightful Four,167,0.000904660250289882,0.0029409593728909034,0.0004422654130693491
Orphan,82,2.044042837877709e-05,0.0005693789864878118,0.00043969451771107195
Zeus,159,0.0005843298442631344,0.002637919404717414,0.0004389383783350012
Silverclaw,176,0.00015637465086588317,0.003950740352567711,0.0004384930051489083
Death,172,0.0026351144066216964,0.002576978784516058,0.00043780071742308054
Xorn,188,2.374076199398948e-05,0.005440828057077413,0.0004363619193038238
Enchantress,154,0.0006137834451831486,0.004016750375059969,0.00043605329992618685
Mercury,143,0.00044093559971545687,0.0018204357193190796,0.0004346664407333798
Old Lace,67,0.0008228742076206647,0.00025634715266894593,0.0004329797362870319
Natasha Romanoff,154,0.00015838900161159995,0.0037040529567920477,0.0004315963523836252
Victor Von Doom,160,0.0008034167611754359,0.0032388246790848257,0.00043119116391255485
Giant-Man,185,1.4952883521842613e-05,0.006569345555408018,0.0004296995229980633
Ezekiel Stane,90,3.909140225826738e-05,0.001620741336506383,0.00042667725732674415
Black Tarantula,115,0.0006011903689400564,0.001290761431523845,0.0004247794674281004
Praxagora,8,5.668259447571434e-07,1.1592614699171124e-06,0.0004232169579127857
Preak,8,5.668259447571434e-07,1.1592614699171124e-06,0.0004232169579127857
Squadron Supreme,80,0.0004308855072649983,0.0013733266977508601,0.0004224317450944604
Black Tom,169,0.000596944641069457,0.002749231456669896,0.0004216182603338866
Shi'Ar,140,0.0004974261790613853,0.0018010292408097899,0.0004181553346737121
Harpoon,161,0.00020410759203675122,0.0036787422817227116,0.00041755348154072795
Secret Warriors,120,0.0003050999851028826,0.0010912145137700324,0.00041749760885613404
Puma,130,0.000661429261396659,0.0030941954571930856,0.0004164748463944626
Rawhide Kid,34,0.0022245849477237323,0.0003911342286066448,0.0004151593957356166
Arclight,161,0.0003874914203086626,0.0035145751143613535,0.00041437420313606365
Maximus,170,7.86574443315153e-05,0.0012411202779734787,0.00041421333800772264
Spitfire,148,9.056282781984506e-06,0.003195563935574508,0.00041378926355202403
Lady Bullseye,131,3.626160438387281e-05,0.0014176439550109214,0.00041194953578339074
Elsa Bloodstone,122,0.00010801781759770576,0.0011152727365973075,0.00040937884815091827
Angela,129,0.0005401619762857914,0.0018960473899997958,0.0004083392622623087
Big Bertha,34,3.0687383421407965e-05,0.00010981494308090611,0.0004077010475694402
Ben Parker,148,0.00015779338343627683,0.0036644373689067645,0.000405998366137113
Purple Man,120,0.0010445592724726655,0.0009022350347047632,0.0004056614468041901
Vulcan,94,0.0018572114329684897,0.001549303855311557,0.0004053181009697502
Doctor Spectrum,78,0.0009042093075813402,0.0013257826572272197,0.0004043200128473417
Smasher,142,0.00030273563202714237,0.002865772796276794,0.0004035714115730278
Beak,157,8.69712360027605e-05,0.004094721495521983,0.00040258093198602556
Matthew Murdock,104,0.0005564108545289495,0.001539128432934167,0.000400238455650735
Impossible Man,148,0.0007199904713884576,0.003445107095310942,0.0003999143465280994
Paladin,128,0.0008577220091046359,0.0019883481020341377,0.000399726431759068
Henry Peter Gyrich,106,7.065184299433139e-05,0.0008874930475343134,0.00039933910383417083
Ben Reilly,113,0.0014046205131362007,0.00178914291405192,0.0003988967382598761
Beetle,122,0.0006027428938880898,0.002721629524525929,0.00039772298394730583
Mr. Immortal,33,3.0687383421407965e-05,0.00010980120157250535,0.00039512028191477906
Honey Badger,149,0.00026211662966644475,0.0023202774449000464,0.00039477377372593327
Sinister Six,127,0.00030027081211666856,0.002860410746640897,0.00039247616277565336
Layla Miller,145,0.0001539679855918067,0.000639431677771997,0.00039167069896402684
Turbo,60,5.3087437987929604e-06,0.00012652666346608374,0.00039016344927027583
Batroc the Leaper,120,0.0008612234302953918,0.002629907464305359,0.0003900626753559788
Kate Bishop,91,1.308059872516485e-07,0.0006483933246720399,0.00038788234341666347
Champions,144,0.0005202338902651322,0.002598732321012739,0.00038717070765884314
Vargas,145,0.00010395763333843298,0.003323038463217079,0.00038679836390636456
Jasper Sitwell,131,0.00015047619308784384,0.002635156767184847,0.0003865380843335363
Tempest,122,0.0012815089550233664,0.002413519061073471,0.0003851924731188272
Korg,89,0.003745127406058244,0.0011740228438625899,0.00038483013400186653
Flatman,32,3.0687383421407965e-05,0.00010978746006410457,0.0003825438675465541
Doorman,32,3.0687383421407965e-05,0.00010978746006410457,0.0003825438675465541
Wallflower,110,4.091566454810688e-06,0.0009723553945329378,0.00038240972195866397
Famine,153,1.5275641809790263e-05,0.0035144490360336077,0.00038232826874689906
Riptide,129,0.00011090445435695929,0.002855893949562459,0.0003822060836818816
Jigsaw,88,0.00030965507191626807,0.001495985507187927,0.000381551813131264
Brotherhood of Mutants,165,9.070468061395975e-05,0.006072460811327639,0.00038032158117138313
Tiger Shark,119,0.001198935039446699,0.002444561965855127,0.0003802041935352082
Red Wolf,89,0.0009438967346881915,0.002217270993219083,0.0003800699080321393
Aero,66,6.225568863978673e-05,0.0005356296406663737,0.00037911080635869617
Orphan-Maker,115,0.0,0.0009097974394680192,0.0003781205994607602
Hydro-Man,136,0.0005251046000495623,0.0028456572277690616,0.0003773647668044671
Spider-Ham,120,0.00037536895588509525,0.0037454630354516565,0.00037562068258387854
Illuminati,146,3.36295281229917e-05,0.00306191797035927,0.00037421874494493923
Wendigo,134,0.0005835353001375124,0.004106863979950346,0.0003732100243870238
Meggan,138,4.929636653696882e-05,0.002083596671225598,0.00037184272958986524
Goblin Queen,130,0.0001143796519148643,0.002451448787666577,0.0003712062654839856
Thor Girl,98,0.00020299368729641707,0.0005486002064504928,0.0003702667058003988
Curt Conners,111,0.0004365297027434312,0.0018999835238674141,0.0003702575074979682
Johnny Storm,124,0.0006170291503468349,0.0018589957417034751,0.00037003332735524325
Frog Thor,103,5.624696182511638e-05,0.0015399465508645772,0.00036850340738887877
Abyss,139,1.6244692420656516e-05,0.0027879771758616842,0.0003676219356159448
Sister Grimm,65,5.823764072650365e-06,3.122239812584298e-05,0.0003674375242261684
Sabra,141,0.00041010836092984613,0.003808641871090734,0.0003653473762316232
Gilgamesh,65,0.00014630429991487705,6.185234005457906e-05,0.00036425214816828956
Tag,102,5.759194576090364e-05,0.000721576563431262,0.0003621629652421132
Imperial Guard,135,0.0012426813451831217,0.0022864116738530588,0.0003609813756661885
X-Statix,51,5.5731621411902996e-06,0.0003886972447070564,0.00036093547818187447
Thunderbolt Ross,112,0.0008235600902113611,0.0015561190137675478,0.0003605015137695992
Vanisher,138,0.00021110311227537517,0.002984182676763465,0.00035949875509799865
Wave,56,8.819610174844346e-06,8.901737924645505e-05,0.000359330217918046
Mr. Negative,109,0.000674705409860027,0.0020865463715915183,0.0003579590187406886
Talkback,63,9.256615433148375e-06,3.122228915307162e-05,0.0003571475122684434
Magus,110,0.0011443794345529859,0.0015825559060329683,0.00035702637174028816
Nuke,67,2.884316575225689e-05,0.001619854789498281,0.00035661316276582164
Lethal Legion,128,4.565188791223872e-05,0.0030767607627243876,0.0003561180550646988
Liz Osborn,91,0.0005299183413088805,0.0010115733862129394,0.00035581780953350753
Psycho-Man,128,0.00016456509843167688,0.0020902684073598183,0.0003557529203013595
Genesis,131,0.00038029485532330853,0.0035300866347709767,0.0003556588144232776
Umar,115,4.624423784203085e-05,0.0013096571008673606,0.00035461121780786767
Earthquake,125,0.0005342726867558188,0.002017194839659674,0.00035397875594722687
Dead Girl,54,0.0022396182443445945,0.00039927874432161393,0.00035265525979962566
Thunderball,107,0.0003452399871052472,0.0019081435190591743,0.000352630082181189
Gorilla Man,73,0.00011974938160294742,0.0005438091820122974,0.000351913841595151
GW Bridge,106,0.00024699375635171947,0.0014551296158924676,0.0003514607999804442
Frank Castle,107,8.478981821400281e-05,0.0020838413650770857,0.00035093346206117713
Kree,102,0.0003007285041258698,0.0015196209459406103,0.00035018029481478143
Wither,93,4.1685351863696405e-06,0.0006226551305698365,0.000350107509244105
Jamie Braddock,130,0.0003154506361075838,0.0024086410938083,0.0003489794579455656
Agent Brand,128,0.0009064273200817208,0.0036252702798438958,0.00034870401718079176
Manta,112,0.00045114381711042575,0.002435934765728779,0.00034819416754955455
Owl,91,0.0004111132354668612,0.0008729362648660286,0.0003473264839444753
Emplate,106,4.868447754887232e-05,0.001380271920751261,0.00034524302909395746
Wrecker,106,0.0009741280188831344,0.0022165553237430205,0.00034498411973035226
"Lei Kung, The Thunderer",53,5.793602193398273e-08,0.00017209125299304093,0.00034445181349097593
Agatha Harkness,108,0.0003908784433646355,0.0027620236849576593,0.00034034674195796224
Debrii,69,3.365938521963527e-05,0.0001713959045160387,0.0003397015740047865
Blizzard,71,0.0006306118075817006,0.0011675024154677908,0.000339699898472416
Frenzy,121,0.0005870324162187645,0.0022815413575026093,0.0003376196514637502
X-Factor Investigations,103,5.476489253761017e-06,0.0003250407607965079,0.0003374173130765545
Prowler,101,0.0014474351445568183,0.002449000497916386,0.0003372437240562544
Human Robot,75,3.7340839086760287e-07,0.0009732875001737296,0.0003369982394507139
Bloodstorm,120,0.00042437900109174774,0.00235800197292435,0.0003367880701870169
Clint Barton,109,0.00012803136459391883,0.0032262255115847517,0.00033629610415180484
Solo,83,0.0003606952398424534,0.0011911405962243833,0.00033576609955197716
Carmella Unuscione,120,0.0003743314280339539,0.003341659964487821,0.00033575452820792544
Pete Wisdom,99,0.0001064186767878586,0.0008853102456054127,0.00033563219712862006
Happy Hogan,67,0.00016913039258207598,0.0017805691665419552,0.0003354210784572606
Starjammers,109,0.0005195026205471395,0.0020493172497075135,0.00033507767094419205
Bulldozer,99,0.00024822370431361464,0.0018801213882578972,0.0003347619204469613
Quasimodo,110,0.00015500526219781112,0.0019082574784038337,0.00033470390449551863
Bethany Cabe,79,0.0002665155939563923,0.0024831983529652606,0.00033451215599475
Madame Hydra,90,0.0007417448476785138,0.0018585545632563544,0.0003342190840314753
Skin,110,0.00016780951955370333,0.002487789085230928,0.00033323398830977684
Purifiers,101,0.0005688621063812504,0.0019227860104049578,0.000333199094698462
Vengeance,72,0.00023669016399007186,0.0008121760174227941,0.0003326673555181425
Ronin,111,0.0002689878402354738,0.002804851349944108,0.0003326539583554858
Hussar,106,0.00016488116270946677,0.0016444364323133867,0.00033004588760572736
Proteus,130,0.00012331223840678627,0.004228942938237244,0.00032886614903994383
Generation X,99,9.409982356224177e-05,0.0007736860513481542,0.0003260790291018568
Fin Fang Foom,94,0.002589408904734497,0.0021717865961359724,0.00032531104414400383
Blockbuster,87,0.0008976522749814009,0.001995261052346617,0.00032493614564538123
Synch,103,0.0001743516312812158,0.002165832491808687,0.0003246986348061666
Talisman,113,0.0001761849785859088,0.002364285054963801,0.0003245916058072011
Ma Gnuci,5,0.0,1.2308950117727947e-05,0.0003240888060522841
Molly Von Richtofen,5,0.0,1.2308950117727947e-05,0.0003240888060522841
Supreme Intelligence,99,0.0002694180807793985,0.0016002114296865613,0.0003216202515625109
The Watchers,99,0.0014045109866973999,0.002615414660921916,0.0003211974658964856
Dora Milaje,72,5.299566458589994e-05,0.001454492957262687,0.000321115728045644
Marvel Zombies,84,1.2675406900880208e-05,0.0018528536551517582,0.0003207604576363531
Romulus,97,0.000365941188358687,0.002860173945286531,0.0003206572764982683
Silvermane,93,0.00047196041996751877,0.0018371653208909189,0.0003204180981797246
Garrison Kane,101,7.230625556295502e-05,0.0012306734972923042,0.00032003876997726774
Luna Snow,48,1.462089727401803e-05,6.916960869715362e-05,0.0003191443938077163
Jimmy Woo,61,0.00039037565382347414,0.0002976612580689288,0.0003185683443549278
Reavers,108,0.0005313329007551516,0.0027886023646865373,0.00031817239780443254
Ozymandias,119,0.0003294128475950727,0.003488977833021596,0.00031638264682857695
Atlas,101,0.00012795468062425905,0.001857793725846326,0.00031555311717114864
Bengal,81,4.371929047302123e-05,0.0005453776934725853,0.000314557695161218
Baron Mordo,92,5.131321458803887e-05,0.0012008026582070526,0.0003144102232679264
Energizer,68,5.6064231041043526e-05,0.0011877950483205162,0.0003134634739896442
Cassandra Nova,99,0.0027120941017450603,0.0017193189943038281,0.00031345686557788046
Tomorrow Man,51,0.0001385910037551602,0.0006019005947852234,0.00031314455985438893
Cyber,102,0.000390004200035938,0.0035281217861530406,0.00031173253007381384
Great Lakes Avengers,21,2.8194732445810286e-05,5.3211802821506894e-05,0.000311517118882329
Zaladane,92,0.00044730687911136553,0.0027854791069816406,0.0003113433010665385
Spot,78,0.000697111476196321,0.001457580104013487,0.00031023502768278484
Whiplash,88,0.0008669532993072997,0.0024669526071942572,0.0003097491757322546
Ego,87,0.0012012188086656123,0.0011390940029873946,0.0003091949195851427
Yellow Claw,83,0.00011667050242052113,0.001743814573967749,0.00030868775206975097
Ultimatum,83,0.0008841055705562496,0.0019152427676901607,0.0003084993391368903
Pride,43,0.0,0.00026642731122540023,0.00030838306180077735
Terror,64,0.0,0.00018249443262236705,0.0003077749489745863
Hit-Monkey,75,9.16584656907049e-05,0.0006254958523139483,0.0003073648200845644
Darwin,85,1.9323611753084437e-08,0.00021674870572859,0.00030707469280876224
Mr. Fixit,75,4.610314773082632e-05,0.0017795505927227057,0.0003065122269757352
Risque,103,0.00014833127521746983,0.000899027284409897,0.0003063652242162972
Thundra,90,0.0005586414084773432,0.0017439843361216245,0.00030630490740133005
Shape,40,1.4560247742894651e-05,0.0006218987000440006,0.00030615395111670534
Logan,88,0.00040665056851225126,0.0033847812032891237,0.00030547320729201136
Glorian,36,0.0001065318983700105,0.00031906091689253756,0.00030507647960264166
Korath,59,0.00020426078667429065,0.0007143975616901626,0.00030399685090683204
Surtur,87,0.00025822487629794473,0.001354262561560365,0.0003025882123682624
Arnim Zola,93,2.7038568197268506e-05,0.0021193661632197304,0.0003020932873948449
H.A.M.M.E.R.,78,0.0005834687086612418,0.0011876222573966742,0.000301888863213531
Pip,79,1.5292977062792305e-05,0.000411883027950198,0.0003015619637144611
Captain Universe,71,0.000794665132593535,0.0008481662066552264,0.00030142221746852125
Post,105,0.00022140836636806024,0.00279735551156109,0.0003011802014606243
Ricochet,41,0.0,0.00010808549265574811,0.0003008528360184799
Katie Power,53,0.00046846323854510903,0.0005352779416693049,0.00029940340710116165
3-D Man,72,0.00011242394260819528,0.00040123063356309384,0.0002983795190383959
Donald Blake,84,5.871628354381149e-05,0.0013550639157161488,0.0002980168864183581
Wrecking Crew,82,0.0007949960524851147,0.0016760409947145667,0.00029775285103260255
Mach IV,72,5.0484354959379015e-05,0.00047991766641292263,0.00029692065356392417
Venus Dee Milo,34,1.729577183395944e-05,0.00020871019103310844,0.00029689027506015354
Silver Fox,85,6.07785626404582e-05,0.0028453000029183325,0.00029677731421913977
Loners,39,0.0,0.00010572885278299875,0.00029531767779449503
Dinah Soar,24,9.744437804237499e-05,0.00010958974278238846,0.00029504251876944355
Eternity,75,0.0007772119909801927,0.0007802895430171221,0.0002941816266844127
MVP,35,0.00031591203943263945,0.00016705464896604863,0.00029391408178893076
Victor Mancha,38,0.0006079721617885551,9.978264553562925e-05,0.00029388655986067804
Dark Beast,89,0.00012125321365938294,0.002094930808074577,0.00029063849061546337
Bedlam,94,0.0003555719265980951,0.0022199085679088988,0.00029056777435350085
Feral,89,0.0003415920285242099,0.0008056166999362682,0.0002903290637879145
Killraven,83,0.00015315411490519115,0.002560250302049773,0.0002901472048833175
Star Brand,85,0.0002067561384569829,0.0023442406627535847,0.0002897849041781609
Piledriver,76,3.7962542729272704e-05,0.0014420969186030243,0.00028836231389710873
William Stryker,82,0.0011130561398747783,0.0016387547304450715,0.00028803216608666875
Anole,71,0.00017010358274366513,0.000827456383392144,0.00028595050893547003
Sword Master,41,2.8086772528302073e-05,0.00012534563678208527,0.00028552932020327386
Brute,81,1.3736573775821936e-05,0.0015677013728814092,0.0002854285717310172
Shriek,57,5.029314023623047e-05,0.000882897460478295,0.00028522732365086076
Confederates of the Curious,12,0.0002762995170483056,1.9393778625280633e-05,0.00028471760316561715
Contessa,12,0.0002762995170483056,1.9393778625280633e-05,0.00028471760316561715
Chores MacGillicudy,12,0.0002762995170483056,1.9393778625280633e-05,0.00028471760316561715
Lightning Lords of Nepal,12,0.0002762995170483056,1.9393778625280633e-05,0.00028471760316561715
Nine-Fold Daughters of Xao,12,0.0002762995170483056,1.9393778625280633e-05,0.00028471760316561715
Lucky Pierre,12,0.0002762995170483056,1.9393778625280633e-05,0.00028471760316561715
Shadu the Shady,12,0.0002762995170483056,1.9393778625280633e-05,0.00028471760316561715
Centennial,65,1.8750896036150178e-06,0.00014259872306032864,0.0002841244205404066
Blur,28,0.000684025786270077,0.000290249179230703,0.00028362644700842597
Inertia,28,0.000684025786270077,0.000290249179230703,0.00028362644700842597
Crule,71,0.0002914113603705159,0.0005204860845040409,0.0002832423558869307
Amphibian,26,0.0,1.2338811026015991e-05,0.0002829553888229891
Iron Lad,70,0.0015673834326045677,0.000691100796658923,0.00028213861673554005
Glenn Talbot,62,0.0018327754451627238,0.0009806791819031327,0.0002808568680889822
Prism,71,1.910127813766089e-05,0.001479325677800608,0.0002795852968990953
Masters of Evil,77,0.000499086407107772,0.001542405097806354,0.00027930130162576953
Scarecrow,53,0.00022990971764282959,0.001021354469994241,0.0002789270137103591
Stick,75,0.0001767635612200038,0.001634366981615226,0.00027891644138318525
Butterfly,72,0.0,0.00019591298253727205,0.00027875005065380594
War,89,2.9617532034321023e-05,0.0021764776328367457,0.00027862677765894605
Kat Farrell,82,9.994920575106617e-06,0.0016039745036567508,0.00027830389441606094
Zarda,28,0.0009652218639778621,0.00022273588669062587,0.0002775471782221694
Dark X-Men,72,7.655221749646937e-05,0.0009727050812639801,0.00027701921505987956
Speed Demon,43,0.0008492863845829261,0.0007507241944574895,0.0002759149247134803
Magdalene,75,3.950646308782213e-05,0.0013665044744233979,0.0002756525298367032
Screwball,59,3.840321795874184e-05,0.0006223579541577382,0.00027556727561787943
Stephen Strange,71,0.00023760387098990042,0.0009753976396462465,0.0002755378508408516
Maverick,75,0.00018412039289968275,0.0019981206272117703,0.00027539661906228046
Box,52,9.840685711252731e-05,0.0006014709002043968,0.00027423827349298303
Morgan Le Fay,77,0.0005429717492835833,0.0012994067202483474,0.0002737978991637229
Beyonder,75,0.000838596742771631,0.001267590352411696,0.0002730948029810912
Korvac,68,0.0009408984150181784,0.0012802135144082654,0.00027240529448482875
Lorna Dane,77,0.00020179603940025898,0.0015654482840815281,0.000268248201883211
Hairball,61,3.11012170302575e-06,0.0011880684901276436,0.0002671208506149194
Tarot,48,8.168792497834745e-05,0.00044394913758330707,0.0002664400967919538
Vermin,57,0.0008567253093282347,0.0012593689058554367,0.0002663675640373833
Pestilence,79,0.00010716577247004046,0.0017736549205840063,0.0002648870170624916
Bling!,59,1.4301966113175931e-05,0.0004374687654432699,0.0002629231678505428
Leech,68,0.001057235361626095,0.0011008109736217748,0.0002615561395861109
Shard,82,3.5252893784348765e-05,0.0011665741314521808,0.0002608169030313697
Thaddeus Ross,60,0.0006635006363029208,0.00048334829380985094,0.0002607452491028244
Wild Pack,55,0.00012247794784586965,0.0006697943944271041,0.000260172940557391
Two-Gun Kid,18,0.0001050570146599216,0.0001311478959574159,0.00026016994654741384
Blonde Phantom,57,2.71046247567272e-06,0.0011695343633205254,0.00025893972508800897
Super-Adaptoid,73,0.0002393224701102843,0.001939017875347411,0.0002589126623748167
Mariko Yashida,69,0.00020767967293516438,0.002953272201930891,0.00025890862087844704
Arcana,20,5.861330850654166e-07,7.733187209335472e-06,0.00025827820098516224
Starbolt,58,8.39356837060809e-05,0.0010711562729420162,0.0002575401305369053
Hecate,73,7.527044649529762e-05,0.001919219701499844,0.0002575401008553394
Squadron Sinister,58,5.148971177440213e-05,0.001973824159795272,0.00025662109177069197
Zemo,64,0.00010639016756831696,0.0016224345833594912,0.00025650249353739284
Bushwacker,61,5.5063500318750904e-05,0.0011214764975641962,0.0002557027740730375
Cerebro,73,0.00013235828012992288,0.0018748190379884906,0.0002546356589429564
Deathcry,55,1.8162314793237714e-05,0.0010147287831868267,0.00025339991340547427
Tusk,66,0.00021126154996178864,0.001671388408608855,0.00025333602068310193
Pet Avengers,57,9.896073365544466e-06,0.001187200636296379,0.00025320853214551786
Kid Colt,20,2.5385335705054763e-05,0.0003130533361589913,0.0002528296145277094
Rumiko Fujikawa,30,1.4414819131493074e-06,0.0007575697964655192,0.0002525371374475756
Malcolm Colcord,59,3.873619952846056e-06,0.0004117071517054981,0.0002514110107789466
Sharon Ventura,69,2.1732421867792718e-05,0.0013927214444911249,0.0002511048636019684
Elite,3,0.0018305643885931943,6.1568618544252505e-06,0.0002507587417654876
Microbe,37,6.16232656033749e-06,5.855456352608958e-05,0.00025009820518213883
Ord,76,7.685615041891019e-07,0.0031582066941605335,0.00025006074674427273
Druig,32,2.8792211490852253e-06,2.082018130939493e-05,0.00024984829238107974
Tinkerer,60,0.00015469493865713933,0.0016522409324219568,0.00024951525586826403
Venus,35,0.0013259882740852438,0.00030227092888419134,0.00024884337470779973
Hellions,54,3.460401155535889e-05,0.00038104863702719303,0.0002481407175980187
Warstar,59,8.256497032548515e-05,0.0010285862425879692,0.0002477094566264507
Jessica Drew,54,0.00045264149736006556,0.001244039984715239,0.00024715156550933167
Lily Hollister,48,0.00011192296513427633,0.0006432690077637702,0.0002470810438688619
Dakota North,48,0.00011741964503410982,0.0004407703578814948,0.0002467682641286327
Micromax,57,0.00017129517182243876,0.0007434501582559792,0.0002467532983612483
Chimera,66,4.904939576948917e-05,0.001777601063203911,0.0002455669534293319
Bloke,32,8.539261715952127e-05,0.0003448020823792919,0.0002454716597767536
Sleepwalker,44,0.00013313324770160992,0.00034619726428263654,0.00024450795046871993
Tyrannus,57,0.000275096011649621,0.0013764457495975028,0.00024386555934626195
King Cobra,42,1.9603832781868773e-05,0.0006504198367149285,0.00024343822857424526
Julian Keller,62,5.438906201705161e-05,0.0008782636494934411,0.00024342072423081147
Tarantula,38,0.00024340181320849758,0.0003569108185209331,0.00024330549353552265
Loa,49,0.00043665181864302016,0.0005482280421983742,0.00024265489764375823
The Professor,56,0.00037280006364233935,0.0016399010634252783,0.00024256416440536933
Red Ghost,56,0.0009078153730789917,0.0012883307790213464,0.00024239848188186677
Captain Stacy,55,2.5938422768506185e-05,0.0008387869193981291,0.00024228594201416387
Fixer,47,0.00015423176759370993,0.0006082386484541153,0.00024117241583229034
Switch,50,0.0,0.000426633724053667,0.00024112728073813022
Warbound,16,0.0,0.00015996625567359478,0.0002405502102905567
Hiroim,16,0.0,0.0001948062709600799,0.00024024484927920173
Malekith,56,8.096586599919788e-05,0.0011255355288236598,0.00024018442299627012
Mikhail Rasputin,40,0.0004872682688412199,0.0010029136237622827,0.00023950310380579581
Jackpot,24,0.0002849772394142069,0.0005396635474196355,0.00023894195517597266
Deviants,49,0.00041153508802641367,0.0005271323743140175,0.0002388873542373588
Ravenous,32,0.00016462849566677257,0.00010553983242309235,0.0002388135832668944
Shinobi Shaw,53,7.74144706676298e-05,0.0007431353952042364,0.00023874231046294074
Doomsday Man,53,4.228942642451017e-05,0.0010623553891201637,0.00023796740432299312
Otto Octavius,49,0.00014062324306846681,0.0011869758110978988,0.00023768590617825078
Scourge,54,0.00018944455925846195,0.0012261554254050762,0.000237418099790018
Morlun,53,4.711241500765216e-05,0.0018289351627458017,0.00023672895787656584
Grandmaster,48,0.00046222089227782834,0.00045086442657646587,0.00023489116638398137
Xavin,22,2.4061628348135786e-05,3.016155565574978e-06,0.0002342721720053108
Outlaw,50,0.00010611571288436589,0.0006516578123667192,0.0002341723149744223
Blacklash,33,0.00012232779637620593,0.00041702113665787675,0.00023408756093377974
Lord Hawal,3,0.0018288639107589234,3.8665361348001936e-07,0.00023399530552761698
Salo,3,0.0018288639107589234,3.8665361348001936e-07,0.00023399530552761698
Wraith,44,1.6307356182880958e-05,0.0004456679966878111,0.00023293212514465526
Elloe Kaifi,14,0.0,0.00012034324320001665,0.0002328591067740524
Rhodey,34,3.394018445690746e-05,0.0009600191837360364,0.00023212570591426947
Josiah X,28,0.0,0.00016408957397200607,0.00023196421660927162
Junta,28,0.0,0.00016408957397200607,0.00023196421660927162
Shalla-bal,46,4.240645408315243e-05,0.00025755355882874494,0.00023156126571840033
Cosmo,45,0.00014185938025285715,0.00017907432674838428,0.00023118104509893734
Jack Power,36,6.961623333402938e-05,0.00047293760368250946,0.00022972259596452943
Living Mummy,37,0.00013566699516668446,0.00021254545231047227,0.0002296128152729317
Master Mold,56,0.0002852540139088044,0.0017750099955143371,0.00022942432517385208
Freak,38,0.00015903329326307124,0.000525512670492135,0.00022934092613763988
Shiva,47,4.814906274713168e-05,0.0015410655096176266,0.00022851856747306144
Graviton,45,0.0001793560798572512,0.0011328688802998712,0.00022791394742644502
Battering Ram,24,0.0003085004721217014,0.00043233834109766616,0.00022668308089817096
La Nuit,24,0.0003085004721217014,0.00043233834109766616,0.00022668308089817096
Plazm,24,0.0003085004721217014,0.00043233834109766616,0.00022668308089817096
Brother Voodoo,45,0.00030898761247809004,0.0007625131435066082,0.00022591425987737005
Sleeper,45,2.0092843902347356e-05,0.0006658026914770175,0.0002253529460670601
Doctor Faustus,46,0.00016315385292503578,0.0008955905254968561,0.00022385586128225823
Killmonger,48,6.497718492198041e-05,0.0010387208045272306,0.0002235195986825535
Phoenix Force,44,0.0023616622220186878,0.000753131963052201,0.00022348493333022336
Devos,37,0.0006419099332008087,0.0005620871665099569,0.00022340264840231493
Araa,32,3.5140537841683475e-05,0.0003899400713409079,0.00022301512534187226
Joystick,30,0.00019267509885745063,0.00011446323966582852,0.0002216882413035914
Blindfold,52,6.169207375917184e-05,0.0009750931339413854,0.00022103176195525115
Amiko,51,0.00010790185481480425,0.002418712247085968,0.00022100103605037766
John Wraith,54,0.00010574161463641349,0.0022328831698057517,0.00022094867517391683
Lifeguard,36,2.5359031712024984e-06,0.0005700969018305284,0.00022074105152371378
The Stranger,46,0.0003588761363869376,0.0009963658297974418,0.00022013091635795785
Franklin Storm,41,0.001765361437279853,0.0009240803245382993,0.0002198275543329221
Demogoblin,38,1.3343093114840571e-05,0.00040695637424693063,0.00021930976993208732
Stilt-Man,42,5.3923112294981946e-05,0.0004448301220572933,0.0002192819154584991
Air-Walker,48,2.9173523200497568e-05,0.0011855790843213205,0.00021820350303091487
Jack O' Lantern,44,0.0004975533051922002,0.0010147703742370636,0.0002173419950626922
Ken Ellis,26,0.001870085456883321,0.00013701317298233704,0.00021729755289682444
Tana Nile,24,9.074847523151525e-05,0.00030277862927367225,0.00021707816391050049
ClanDestine,25,0.0007617147919759313,0.0006011305461007795,0.0002169311094143151
Crusher Hogan,38,0.0002299913623578315,0.0008253617772000296,0.00021658926011363316
Molecule Man,39,0.0007850288725438736,0.0007760181055151736,0.0002161953658602977
Firebrand,20,0.0004932318796322351,0.0005202796342424841,0.00021559624095923913
Krakoa,46,0.00021043492203064678,0.0009562218609256768,0.00021519324227975602
Lila Cheney,47,0.0002056787222741947,0.0005276823789272469,0.0002150576745419106
Fabian Cortez,44,0.0001621903474884133,0.0010046827482406038,0.00021505120020342156
Molten Man,36,7.572440488615775e-05,0.000804378322888148,0.0002148968087342785
Hypno-Hustler,31,1.8564835628516842e-05,0.0002510765063656547,0.00021467068326441177
Cardiac,34,7.895823285153939e-05,0.0006612250825264231,0.00021459531003919645
George Stacy,38,7.218395084068693e-06,0.0007833268774440811,0.0002144016170595072
Bloodaxe,28,2.9972593472704913e-05,0.000364497609858147,0.00021400271288391702
Unus,40,0.00016675279461740775,0.0008012496274765736,0.0002134497341442976
Humbug,30,8.761380688224664e-05,0.0001961408663108027,0.00021319299594850462
Tenebrous,13,0.00015159727643577675,4.4971361966984205e-05,0.00021311305196849425
Sunset Bain,24,5.4936542022762804e-05,0.0005558600793152959,0.0002129119137490753
Erik the Red,42,0.00028825617806157105,0.0010839724140929404,0.00021277439828669078
Battlestar,32,4.092588045354843e-06,0.0002285113095243785,0.0002119154030641237
Randall,50,7.455012157572926e-05,0.0012763069396133893,0.00021106138467892198
Ultimo,28,6.831232278297051e-05,0.000596775541157398,0.0002106170573796239
Peter Quill,25,3.201444985408339e-05,0.00010841408265240515,0.00021055328459702974
Agent X,37,0.0001928325974250282,0.000590814642599133,0.0002101680588652879
Blackheart,40,0.00011370421750891653,0.00038742684381361334,0.0002096371841708829
PsyNapse,40,0.00014998661302820734,0.0009575974908300322,0.00020953126043333635
Ogun,43,0.000147373625993908,0.0014586973417968386,0.00020941044347984154
John Jameson,37,3.222781298503309e-05,0.0005668467679776181,0.00020938914419593995
Lionheart,21,2.3680465957766478e-05,0.00012832393859388345,0.00020866626609140795
Red Shift,14,4.1173676513194824e-06,4.993993806789557e-05,0.00020806102957330485
Force Works,31,2.0646586360752923e-05,0.0006424807887125548,0.000207660058599478
Azazel,35,6.882078883202521e-05,0.0003391472417164347,0.0002076213651512787
Mr. X,29,0.00011738558680523624,0.0009782975728506193,0.00020758083268617448
Amora,35,0.00032901886017844696,0.0006280320983264108,0.00020753151839363808
Chthon,40,4.630670040139585e-05,0.0008995318848884885,0.0002064939322275749
Alex Wilder,16,3.498993684955525e-07,2.1778981420045103e-05,0.0002064110280776444
Pretty Boy,22,0.0004752118683866463,0.0004986368035809112,0.00020563007018465807
Omega Flight,28,0.0,5.402244985534625e-05,0.00020501805529625941
Texas Twister,35,0.00010791387546297755,0.0007122085366562407,0.00020462395184814758
Blok,29,1.5491871447887582e-06,0.0012035596698755128,0.00020401787054576863
Sons of the Tiger,29,7.676741356710212e-06,0.00013971663193706183,0.00020339538544289352
Trevor Fitzroy,37,2.6611285189823495e-05,0.0009956850648136578,0.00020319587168013626
Ezekiel,33,1.0421692541922657e-05,0.0006500075801129937,0.00020305932330616996
Frankenstein's Monster,30,6.783183166135145e-05,0.0003593462194498275,0.0002029895729638012
Skreet,17,4.557871756528458e-05,6.133993589190971e-05,0.0002023123314184719
Kulan Gath,40,0.00011930966965770363,0.000938783421935556,0.00020191600938790878
Stranger,36,0.00026765884000680103,0.0009800278924233824,0.0002016732813833991
X-Cutioner,25,0.00026121792451153965,0.0004736260555432964,0.00020153971639998316
Arachne,29,0.00018821166282656529,0.0006083576752767153,0.00020128876955181256
Fenris,37,0.0003536384120888063,0.0008635558882831423,0.00020098636351038857
Spencer Smythe,32,1.0846817586507984e-05,0.00048548179507315565,0.000200402173576806
Justin Hammer,23,0.00017910821320689244,0.0005727290318597566,0.00020011991350923707
In-Betweener,39,0.00011703731339953917,0.0008863638412621225,0.0002001165983418983
James Howlett,31,8.186798625332015e-05,0.0007972750275241025,0.00019986088552978055
M.O.D.A.M.,29,0.00013324428463564887,0.0004955091877781989,0.00019964952782714878
Sumo,37,2.0812729156280534e-05,0.0004602611856596449,0.0001992329594453141
A-Bomb,33,5.2785135948628376e-05,0.0002726559015701245,0.00019882803729308918
D'Ken Neramani,35,0.00014047689556517093,0.0007786104637157468,0.00019766682757253103
Morgan Stark,14,0.0001051355000132194,0.00035331077389729533,0.00019709145910068424
Lady Mastermind,28,0.0,0.00042729499821551225,0.00019708337249205537
Executioner,20,0.0003938682847098102,0.0002260607952586373,0.00019704933914000647
Silhouette,27,7.955033146984603e-05,0.0001770090706430077,0.0001965431832841582
Zuras,18,8.026688528529947e-06,0.00014014949487602975,0.00019583138694550688
Barracuda,8,0.0,2.407963411900619e-05,0.0001950657594296483
Detective Soap,8,0.0,2.407963411900619e-05,0.0001950657594296483
Forgotten One,11,0.0012439944642726852,0.00018127578529591635,0.00019471593044083807
Warhawk,34,2.24405988040281e-05,0.0010447432246709746,0.0001946316416356523
Ajak,17,3.6443274950352763e-06,6.436477946252452e-05,0.0001946225107110461
Slipstream,16,0.00017609046663557144,0.00015569645700443116,0.00019443509534749543
Night Nurse,31,0.00013909824846184129,0.0004383661887074735,0.00019410213307240713
Mother Askani,36,2.2808099686304326e-05,0.0005628418574313053,0.0001939901335353239
Stardust,10,0.00041493267301242424,3.406047625341409e-05,0.00019279002922559685
Controller,22,0.0005408912244092186,0.0006774992766560027,0.0001923850725185483
The Anarchist,11,7.393381888136653e-08,3.5188747186673606e-06,0.00019210530748568733
Unicorn,23,0.0002284991410324506,0.0004985725938824205,0.00019176680285023674
Proudstar,31,2.624363873874241e-05,0.0006579925782247731,0.00019172602066878938
Ink,19,0.00013727044476445654,0.0002971692920529654,0.0001916324032068531
Johnny Blaze,19,7.978579492751126e-05,0.00016323491419565562,0.00019142071080666936
Maestro,31,5.170763875250628e-05,0.0004889769755951767,0.0001912154581076613
Phyla-Vell,28,8.188681306049784e-07,0.00031740838396686436,0.00019115397100344852
Whizzer,23,0.0001549172809873659,0.0005546040951290831,0.0001908673260636507
Killer Shrike,21,6.761297580268458e-05,0.0001818320826084555,0.00019013851516119017
Serpent Society,29,0.00021974265569059404,0.0009886663660561962,0.00018873511250089365
Belasco,29,0.00020057154440567245,0.00043581528259232816,0.0001883880999928238
Timeslip,14,0.0001049972742160607,7.475690485039179e-05,0.00018810908574449738
Damage Control,28,0.0002284352956407581,0.0008008238532751858,0.00018774473961930877
Vin Gonzales,25,3.43380010939346e-05,0.0003295523427339263,0.000187401014037519
Virginia Dare,23,0.0,0.00046960462953167753,0.0001871358810300187
Morlocks,31,0.00032257490196390033,0.0006530913413163433,0.00018697429875905744
"Bob, Agent of Hydra",25,0.0001245163978744501,0.0003553677806191905,0.0001869615610890933
Microchip,22,7.407986567907681e-05,0.000109149572285801,0.00018648497053597098
Countess,28,0.00011150834696991377,0.0005253258885904847,0.00018616593398262672
Madame Web,24,2.9668670321379005e-06,0.0006583370328570267,0.00018571096204683904
Red Guardian,29,3.670685066381794e-05,0.0006345504844629734,0.00018569577475425174
Hindsight Lad,12,6.607133235544486e-06,1.2715299586020496e-05,0.0001855653073367101
Genis-Vell,26,1.6926463365300536e-06,0.00020533709442456554,0.00018457857355661498
Armory,5,2.2851428164813353e-05,6.063531504789436e-05,0.00018446140326920085
The Liberteens,5,2.2851428164813353e-05,6.063531504789436e-05,0.00018446140326920085
Mauler,22,0.00017483651322896217,0.00039225731282465916,0.0001840392394568305
Weapon Omega,27,1.0177451400018067e-05,0.0008857237022506235,0.00018372830458051592
Hitman,24,3.075567930557852e-05,0.0005593266907074944,0.00018351241913921475
Living Tribunal,22,7.063417507645522e-05,0.0002682884306170746,0.00018276811321222812
Cottonmouth,9,6.864915284408115e-06,4.375447952151268e-05,0.00018220547045336586
Roughhouse,28,3.146244265065249e-05,0.001518112311929977,0.0001818524425041313
Carrion,17,1.1182403952396473e-05,0.00039418626928219304,0.00018118252849523399
Scrambler,22,0.00029452012261083223,0.00030405922026458746,0.0001809152195805525
King Bedlam,20,2.0206494848530567e-06,0.00012888336164227192,0.0001805986143886042
Phalanx,25,3.161978766035973e-05,0.0004013316771390205,0.0001802996447614364
Paibok,19,0.0,0.00028934105633216867,0.0001788806960537013
Salem's Seven,21,0.0,0.0005296086571820549,0.00017860889208302225
Dragon Lord,14,0.00019368620689600338,7.405533487692812e-05,0.00017776570805476532
Beef,11,2.2015162223748972e-05,0.00020218946077287658,0.00017744853997931644
Jetstream,11,2.2015162223748972e-05,0.00020218946077287658,0.00017744853997931644
Jack Murdock,16,6.062257932200523e-06,7.715340150652635e-05,0.00017688046866520243
Scream,13,0.0,0.00024981081352812133,0.00017675751927957048
Tippy Toe,18,4.985128031031639e-05,0.00025505358270704796,0.00017582080514021322
Blackout,18,3.8169932965295636e-05,0.00023914029907810323,0.00017531825380961145
Ultimate Spider-Man,20,0.00010746134965198797,0.0004964869637504488,0.00017518119470997487
Mister Fear,16,2.9309206322093924e-05,8.969594778183931e-05,0.00017516367057978066
Nekra,19,0.0,0.00013284497136848556,0.00017500707337267008
Caretaker,17,2.0442928875177274e-05,0.00015124498630764637,0.00017462796777671847
Nitro,23,5.974456084643359e-05,0.0009285236827652318,0.00017451902992956283
Skullbuster,20,6.87873393050565e-07,0.0005892987939911838,0.00017441432392997937
Danny Rand,20,5.78329781582959e-05,0.0003366440182032996,0.00017424451254155387
Felicia Hardy,15,4.115549278394069e-05,0.00024307019344400822,0.00017371632867260633
Zzzax,19,5.468524683008395e-05,0.00035311340427156046,0.00017331183303568123
Sym,22,1.8417122368440278e-05,0.0005407734879072459,0.00017232096153230842
Daily Bugle,18,0.00020741255897180374,0.00046169794518382304,0.00017224069013197155
Ser Duncan,10,1.437436200983382e-05,0.0001384658540290688,0.00017141669110911007
Okoye,17,8.247195272409913e-06,0.0002090551166783035,0.00017133902602066472
Outlaw Kid,3,0.0,3.034049424031976e-07,0.00016927223109162816
Paper Doll,16,4.700087898594672e-05,0.0002379234294306055,0.00016902051251164213
Dargo Ktor,9,5.371365685005286e-05,6.760945602593183e-05,0.00016872695700662803
American Eagle,14,1.357908891339177e-05,0.0002721745185885405,0.00016829291857061262
Warren Worthington III,16,2.6057094348441954e-06,7.041247425541039e-05,0.00016822115789245231
Maelstrom,12,0.0003510452401790149,0.00024685743111378514,0.000167995652177334
Senator Kelly,19,0.0001252406186201868,0.0005956503799609299,0.0001675524616492882
Frog-Man,12,9.924238858089538e-05,0.0002799522643364943,0.00016734454757941867
Peggy Carter,16,5.99337662056283e-05,0.00023424833255852835,0.00016682898383521623
Mongoose,15,7.629975036357753e-05,0.0002671617722413151,0.00016618254645511205
Random,19,4.078112530036915e-05,0.0003481614264176009,0.000166031635387009
Bloodscream,18,1.3298148545375314e-05,0.0008304183048921523,0.00016579933344382466
M.O.D.O.G.,12,4.160127918789927e-07,0.0002800674142274829,0.00016577646383340126
Phil Sheldon,14,3.9440181363949726e-05,0.00027602535246153966,0.00016573631204541643
Dexter Bennett,14,3.9500808796156073e-07,0.00022344588376473578,0.00016461375853651645
Stegron,12,1.847632032196157e-05,0.00017809580225177114,0.00016435298467138635
Stellaris,10,1.7319681645357162e-07,0.0001140642033373169,0.000164261229481163
Hemingway,17,0.00014028263090903724,0.0005096356446205268,0.00016370174029315903
Mr. Fish,5,4.7496591043399634e-05,1.817193301013895e-05,0.00016348574214769573
Talos,5,1.3225908261320452e-05,2.021212448573683e-06,0.00016202344429692842
Toad Men,6,1.8218100158699935e-07,7.603920249718126e-05,0.00016195680857974967
Cammi,11,3.233625741663608e-05,2.6689848688772056e-05,0.00016192272183021103
U-Foes,12,5.771966899362563e-06,0.00016377733695185895,0.00016159144321436033
Shotgun,15,6.662384168534844e-05,0.0004206509065190337,0.00016138664624836858
Bug,11,8.05867734289289e-05,0.00011545511994512008,0.00016121430983557226
Sugar Man,13,1.8045079767091713e-05,6.899443516460564e-05,0.00016103381101777086
Obadiah Stane,11,4.7129025716560895e-05,0.0003516561821332172,0.00016096153507564774
Amanda Sefton,15,1.916820543279044e-06,0.0003435283519236594,0.00016093923329623712
Dreadnoughts,11,1.812279242081706e-06,0.00025873273748311073,0.00016080229812107246
Mentallo,12,5.5234707760186565e-05,0.00032054158012472206,0.00016075293137213267
Lilith,10,3.830069813321241e-06,3.994055035363274e-05,0.00016072344358754236
Swarm,10,2.4698224703050095e-05,0.0002411387776385963,0.00016022402174933436
Morg,13,0.0,0.00011576418401256221,0.00016021570391151592
Sally Floyd,13,4.42233948699286e-06,0.00011810214640835991,0.00015921627061880604
Cerise,12,2.7566199513990446e-05,0.00028521519795759233,0.0001587039883047508
Dreaming Celestial,9,0.00012295620634390894,0.00020803714359745215,0.0001585810896966167
Armadillo,7,4.373819339655355e-05,1.0057722365093e-05,0.00015850380091859636
Tyger Tiger,13,9.554406161938741e-06,0.00040576996507469203,0.00015847824070556874
Mentor,8,2.0185658020872783e-05,1.9055529349473526e-05,0.00015800013212635496
Patch,10,4.891523723939214e-05,0.0004954080171847853,0.00015767192902193066
Phil Coulson,10,4.150924365601744e-05,0.00013606640576553026,0.00015672908467450133
Giant Girl,12,0.0,0.0007881283858133696,0.0001567013588813916
Calypso,10,2.942077600358951e-06,0.00033894703282043304,0.0001566666574347213
The Renegades,10,0.00015097431208918092,0.00019667579993128188,0.00015653391682133975
Roulette,11,4.796598324615226e-05,0.00030434489210825653,0.0001555567246139298
Omega,5,0.00011521250678642296,1.6602412027416256e-05,0.00015535154099951298
Newton Destine,12,5.651636009754306e-05,0.00046917860483779844,0.00015496168898398093
Leper Queen,9,4.8374869791821055e-05,0.00017889460960204416,0.00015455531627212732
Cobalt Man,10,3.483802994404436e-05,0.0003639081732604196,0.0001544437391348491
Taurus,9,6.835407289893415e-05,0.0003345602554453949,0.0001539536751001242
Ultragirl,6,8.66556410359567e-06,8.48690503450811e-06,0.00015391960264963433
Pandemic,11,2.9206730207531276e-05,0.0003969563402571067,0.00015370248680504186
X-Babies,8,4.064495468133234e-07,3.4759629838369505e-05,0.00015358970657231206
T'Challa,10,3.2560842071166246e-06,0.00028907362120174444,0.00015333853706891355
Shockwave,7,5.357616151820637e-07,4.2876441615176123e-05,0.00015311455420100912
Miek,7,9.666676653397956e-06,0.00011864997988205264,0.0001524669838516942
Big Wheel,5,2.3329563463674484e-07,0.00012101450002932451,0.0001521707945010458
Lieutenant Marcus Stone,5,3.5769580470396416e-05,6.079861727034889e-05,0.00015198209815731165
Cargill,8,2.4449495841170863e-05,0.00012246217977612923,0.00015172090044464424
Lava-Man,7,2.7236055790699237e-05,7.768149945277324e-05,0.00015164272393339292
Nightshade,7,1.623527284853881e-06,0.00031422537171041923,0.00015146284718914966
Blue Shield,3,4.879877623086625e-05,6.04636142808546e-05,0.00015107729001085073
Mandroid,9,2.7321953466385873e-05,0.0003502511105419638,0.00015090732792077534
Next Avengers,4,1.5805449104463825e-05,1.0926441924781934e-05,0.0001508330796427809
Isaiah Bradley,8,0.0,0.0006052091605812219,0.0001503908367848914
James Buchanan Barnes,7,3.7378000050460074e-06,0.0002575096866874754,0.0001502442562560355
Zodiak,6,1.4309720788690029e-05,4.913020883124627e-05,0.0001501110648827866
Half-Life,6,1.119261391633458e-05,6.590332973944074e-05,0.00014977528978494473
Super Hero Squad,7,3.2405930911401657e-06,0.00022912901806492614,0.00014926501649497223
Meteorite,6,3.572306048288113e-05,0.00012468551231906657,0.0001492166368063434
Talon,6,1.1669085817489714e-05,2.8572292340979434e-05,0.00014912877070159862
Cuckoo,3,7.807677822897685e-07,3.51416496946126e-05,0.00014884688736587425
Nakia,4,4.785232052781438e-07,7.389294335237148e-05,0.00014868384000121077
Shiver Man,6,2.6438662407615508e-05,0.00019956336588794986,0.00014817714011488922
Thunderbolt,4,3.4108470345353123e-06,1.115661285439633e-05,0.00014775448604840402
Debra Whitman,5,0.0,0.00018293581174022797,0.00014747720827033164
The Fury,5,1.5018306478935621e-05,3.962758834924721e-05,0.0001474634464317981
Young X-Men,4,0.0,8.30543316994715e-06,0.00014719955157024866
Maddog,4,4.88343213932019e-06,1.0089258061068733e-05,0.00014715107300653592
Omega Sentinel,5,1.4778893661253625e-05,9.759953610554625e-05,0.00014643567737566212
Human Cannonball,5,3.24012390584502e-06,0.00018242778221925482,0.00014626786216403765
Mandrill,4,1.4257656906503261e-05,7.816357502236301e-05,0.00014625978032569583
Ilyana Rasputin,3,2.1903271021834655e-06,5.893314402439056e-05,0.00014619159988987594
Santa Claus,3,0.0,3.310596688940583e-06,0.00014604577199105862
Fantastick Four,5,3.299573923464438e-06,0.00013476984326244508,0.00014570399419977634
Rocket Racer,4,1.279759294930513e-05,7.998712602527805e-05,0.0001455530867216271
Kwannon,5,5.868284375664758e-06,0.0001407023225652591,0.0001454505899755863
Hate-Monger,4,1.075269607462046e-05,0.00010016737817313108,0.00014541435850052014
Blazing Skull,4,3.586710467187969e-05,0.00010008926988253574,0.00014522404774113082
Black Queen,4,1.3266998566212102e-05,0.00010357923074049695,0.0001451255156099695
Alexander Pierce,3,2.9223931330599146e-06,6.967397482275187e-06,0.00014506519368636195
Zombie,3,4.080342949593903e-06,5.2772600868620134e-05,0.0001450176377587734
Omega the Unknown,3,5.83140191582954e-06,3.94454431656485e-05,0.00014492649508775546
The Enforcers,4,4.7362331187397354e-07,0.00016249638468673053,0.0001448714552066211
Elements of Doom,4,9.973603197685286e-07,1.9039299377267685e-05,0.00014446244591204688
Slyde,3,0.0,1.140031582195524e-05,0.00014444680475709875
The Howling Commandos,3,1.7633125955670627e-06,1.703268768804695e-05,0.00014413446658064326
"Janus, the Nega-Man",4,1.5305959713043238e-06,0.00013174702534362714,0.00014395467491334522
Marvelman,2,0.0,1.2387877959704473e-06,0.00014393778496328658
Black Widow/Natasha Romanoff,3,1.3145348836959272e-06,3.616675650402062e-05,0.00014387113408407339
Mindworm,3,8.162718105751013e-06,7.545959166974426e-05,0.0001436130293528926
Baroness S'Bak,1,0.0,3.8605404967312e-07,0.00014357686269294648
Mordo,3,1.6151558815500883e-06,2.3406317119352827e-05,0.00014354488351554396
Black Crow,2,3.2842723553250665e-06,1.9244495368808403e-05,0.00014342462717677304
Madripoor,3,4.973963000445326e-06,0.00012830400180724395,0.0001430031357628734
Shooting Star,3,4.600473444771271e-06,0.00013670073481453088,0.00014276302512263578
Monster Badoon,2,0.0,4.152716584973575e-06,0.00014266054926578733
Chronomancer,3,0.0,5.01055295277173e-05,0.00014240225937240677
Catseye,2,4.800977315404291e-07,3.33045095097277e-06,0.0001422692365301537
Sway,1,0.0,4.0050212288801006e-07,0.0001417838823575787
Albion,2,2.627993304886214e-07,8.957749485796189e-06,0.0001416164118207042
Wolfpack,2,1.4953080719340216e-06,8.286878124658757e-05,0.00014110478570882314
Deacon Frost,1,0.0,1.371483019952274e-06,0.00014069555895727883
Bart Rozum,1,0.0,4.123042987041129e-06,0.00013998574435372812
Slayback,1,0.0,1.030821036756641e-05,0.00013983325717467426
Masked Marvel,1,0.0,5.098237380045116e-06,0.00013982608873108667
Emily Bright,1,0.0,1.8671161072425727e-05,0.00013979406179660746
Iron Monger,1,0.0,8.028132066861964e-05,0.0001397059229431546
Blue Blade,1,0.0,2.0597196519041992e-05,0.00013968789932364671
Nextwave,1,0.0,7.565114507265274e-05,0.00013965520818927168
Deathstrike,1,0.0,8.853148999420317e-05,0.0001395805822480055
Revanche,1,0.0,2.7510539480128548e-05,0.00013951189570345264
